{"acc": 0.9340659340659341, "precision": 0.06206896551724138, "recall": 0.06, "lr": 0.0001, "momentum": 0.9, "step_size": 7, "gamma": 0.1, "max_iters": 5, "batch_size": 4, "acc_progress": [0.5714285714285714, 0.7802197802197802, 0.8791208791208791, 0.9230769230769231, 0.9340659340659341], "loss_progress": [0.3617711276798458, 0.2912528750660655, 0.219644763312497, 0.18750043622740023, 0.12903212698606345]}