{"acc": 0.989010989010989, "precision": 0.058823529411764705, "recall": 0.06, "lr": 0.0001, "momentum": 0.9, "step_size": 7, "gamma": 0.1, "max_iters": 100, "batch_size": 4, "acc_progress": [0.42857142857142855, 0.7032967032967034, 0.8791208791208791, 0.9340659340659341, 0.9560439560439561, 0.967032967032967, 0.989010989010989, 0.978021978021978, 0.989010989010989, 0.978021978021978, 0.978021978021978, 0.978021978021978, 0.978021978021978, 0.978021978021978, 0.978021978021978, 0.989010989010989, 0.978021978021978, 0.978021978021978, 0.989010989010989, 0.978021978021978, 0.978021978021978, 0.978021978021978, 0.978021978021978, 0.978021978021978, 0.978021978021978, 0.989010989010989, 0.978021978021978, 0.989010989010989, 0.978021978021978, 0.967032967032967, 0.978021978021978, 0.989010989010989, 0.978021978021978, 0.978021978021978, 0.978021978021978, 0.967032967032967, 0.989010989010989, 0.978021978021978, 0.978021978021978, 0.978021978021978, 0.989010989010989, 0.989010989010989, 0.978021978021978, 0.978021978021978, 0.978021978021978, 0.989010989010989, 0.967032967032967, 0.978021978021978, 0.978021978021978, 0.978021978021978, 0.978021978021978, 0.978021978021978, 0.978021978021978, 0.978021978021978, 0.978021978021978, 0.978021978021978, 0.989010989010989, 0.967032967032967, 0.978021978021978, 0.989010989010989, 0.978021978021978, 0.989010989010989, 0.989010989010989, 0.989010989010989, 0.978021978021978, 0.978021978021978, 0.978021978021978, 0.967032967032967, 0.989010989010989, 0.978021978021978, 0.978021978021978, 0.978021978021978, 0.989010989010989, 0.978021978021978, 0.967032967032967, 0.978021978021978, 0.978021978021978, 0.978021978021978, 0.989010989010989, 0.989010989010989, 0.978021978021978, 0.978021978021978, 0.978021978021978, 0.989010989010989, 0.978021978021978, 0.989010989010989, 0.978021978021978, 0.989010989010989, 0.978021978021978, 0.978021978021978, 0.978021978021978, 0.989010989010989, 0.978021978021978, 0.978021978021978, 0.989010989010989, 0.978021978021978, 0.978021978021978, 0.989010989010989, 0.978021978021978, 0.978021978021978], "loss_progress": [0.38880203713427536, 0.3025380084802816, 0.2099559690271105, 0.18471972071207488, 0.12733687738795857, 0.120579678606201, 0.07091974327852438, 0.08365823819742098, 0.07468814018008472, 0.06644774465770512, 0.07663626035491189, 0.06782073142764332, 0.07244817875735052, 0.07148490633283343, 0.06970030012039038, 0.06871012901211833, 0.06744617109115307, 0.07303502566211827, 0.06722906428379016, 0.06863337329455785, 0.0799741214448279, 0.06062695719711073, 0.07044760113234048, 0.06334064769875872, 0.0660715680364724, 0.06103074550628662, 0.06759486781371819, 0.07474466929068932, 0.06916604264751895, 0.06979514118079301, 0.06440485473517533, 0.060544145140019094, 0.0684305313196811, 0.06492841996989407, 0.07483448382917342, 0.07234818218173561, 0.06399485501614245, 0.07008913847116324, 0.060610445318641244, 0.06677806148162255, 0.060366344648403125, 0.06482761738064526, 0.0682340539418734, 0.07416452189068218, 0.06749358920605628, 0.061617689964535476, 0.06891328947884696, 0.08433285060819688, 0.06744044102155246, 0.07436599639745858, 0.0699321503167624, 0.060109801426693636, 0.06803564465307928, 0.06843436492995901, 0.07754924041884285, 0.064912844817717, 0.06764402658074767, 0.0738018159191687, 0.06673617022378105, 0.06284316850232553, 0.0600069373191058, 0.06649413868621155, 0.06443272645656879, 0.06152896312894402, 0.06903899862216069, 0.07070619129872584, 0.061991477078133884, 0.06864734829127134, 0.06231797101733449, 0.07216255415926923, 0.06493234765398634, 0.06518289643329578, 0.06240237459212869, 0.06608740633333123, 0.07450953625388197, 0.06902705755207565, 0.06806839593164213, 0.07334139370001279, 0.07075046756110348, 0.06150265349136604, 0.057836370153741525, 0.07355800172784827, 0.0640589578466101, 0.065944492489427, 0.06570978446321173, 0.06385852019865434, 0.06932540188778888, 0.06277819485454769, 0.06148273915379912, 0.07089546781319839, 0.07201674695198353, 0.06722602010755749, 0.0748459850693797, 0.0666563854767726, 0.06363760004495526, 0.07291855589374081, 0.06271300980677971, 0.06373671876205193, 0.06848108367278026, 0.0644593310880137]}